file_id,age
image_0.jpg,57.465183
image_1.jpg,44.730972
image_10.jpg,28.48757
image_100.jpg,52.818817
image_1000.jpg,25.102015
image_1001.jpg,24.317202
image_1002.jpg,87.32116
image_1003.jpg,42.212563
image_1004.jpg,42.42601
image_1005.jpg,65.62672
image_1006.jpg,39.387054
image_1007.jpg,59.3793
image_1008.jpg,70.07136
image_1009.jpg,29.668076
image_101.jpg,54.92455
image_1010.jpg,47.63229
image_1011.jpg,11.578816
image_1012.jpg,86.97934
image_1013.jpg,71.05174
image_1014.jpg,61.16555
image_1015.jpg,27.78495
image_1016.jpg,61.616444
image_1017.jpg,37.399498
image_1018.jpg,28.63082
image_1019.jpg,39.472366
image_102.jpg,30.539604
image_1020.jpg,35.46954
image_1021.jpg,9.511786
image_1022.jpg,2.2693977
image_1023.jpg,29.264791
image_1024.jpg,33.483826
image_1025.jpg,57.204376
image_1026.jpg,12.599238
image_1027.jpg,3.2196577
image_1028.jpg,28.040655
image_1029.jpg,23.303984
image_103.jpg,26.4937
image_1030.jpg,50.368546
image_1031.jpg,1.4118156
image_1032.jpg,49.53091
image_1033.jpg,28.807796
image_1034.jpg,25.176935
image_1035.jpg,45.117767
image_1036.jpg,52.93441
image_1037.jpg,23.973204
image_1038.jpg,41.646297
image_1039.jpg,22.365007
image_104.jpg,17.293673
image_1040.jpg,11.805193
image_1041.jpg,42.70671
image_1042.jpg,40.65022
image_1043.jpg,52.374893
image_1044.jpg,43.7449
image_1045.jpg,43.949043
image_1046.jpg,27.12959
image_1047.jpg,36.24572
image_1048.jpg,68.70224
image_1049.jpg,1.0953597
image_105.jpg,25.056643
image_1050.jpg,50.02588
image_1051.jpg,65.006485
image_1052.jpg,32.82732
image_1053.jpg,68.58508
image_1054.jpg,68.65206
image_1055.jpg,74.97938
image_1056.jpg,25.920326
image_1057.jpg,29.673985
image_1058.jpg,30.640245
image_1059.jpg,8.493133
image_106.jpg,54.729324
image_1060.jpg,67.25143
image_1061.jpg,38.181572
image_1062.jpg,43.51278
image_1063.jpg,62.29107
image_1064.jpg,17.090832
image_1065.jpg,56.912468
image_1066.jpg,24.358376
image_1067.jpg,56.666683
image_1068.jpg,59.79687
image_1069.jpg,49.43755
image_107.jpg,37.637524
image_1070.jpg,76.02424
image_1071.jpg,59.045742
image_1072.jpg,17.49728
image_1073.jpg,1.2641019
image_1074.jpg,30.820269
image_1075.jpg,60.521748
image_1076.jpg,54.09243
image_1077.jpg,17.35222
image_1078.jpg,19.402401
image_1079.jpg,68.757576
image_108.jpg,43.094025
image_1080.jpg,22.840458
image_1081.jpg,31.353949
image_1082.jpg,17.718424
image_1083.jpg,20.767895
image_1084.jpg,54.764637
image_1085.jpg,45.26683
image_1086.jpg,60.626587
image_1087.jpg,66.478424
image_1088.jpg,53.065773
image_1089.jpg,28.47695
image_109.jpg,27.228657
image_1090.jpg,23.886053
image_1091.jpg,31.68105
image_1092.jpg,34.301434
image_1093.jpg,31.056055
image_1094.jpg,51.21099
image_1095.jpg,45.042706
image_1096.jpg,12.628287
image_1097.jpg,23.199814
image_1098.jpg,13.386169
image_1099.jpg,35.804752
image_11.jpg,32.298046
image_110.jpg,8.837085
image_1100.jpg,48.913494
image_1101.jpg,2.0766375
image_1102.jpg,56.420567
image_1103.jpg,25.318445
image_1104.jpg,30.646404
image_1105.jpg,26.36246
image_1106.jpg,25.861195
image_1107.jpg,16.564993
image_1108.jpg,53.14597
image_1109.jpg,28.600245
image_111.jpg,9.259086
image_1110.jpg,31.168455
image_1111.jpg,53.56511
image_1112.jpg,61.273987
image_1113.jpg,51.647064
image_1114.jpg,24.451313
image_1115.jpg,44.168667
image_1116.jpg,56.529118
image_1117.jpg,26.407495
image_1118.jpg,28.259117
image_1119.jpg,23.673092
image_112.jpg,26.079573
image_1120.jpg,56.48978
image_1121.jpg,31.998985
image_1122.jpg,62.965088
image_1123.jpg,73.83155
image_1124.jpg,15.215167
image_1125.jpg,37.358513
image_1126.jpg,57.53875
image_1127.jpg,73.13986
image_1128.jpg,36.071304
image_1129.jpg,58.496452
image_113.jpg,23.311028
image_1130.jpg,52.370483
image_1131.jpg,24.197466
image_1132.jpg,53.057156
image_1133.jpg,4.7976856
image_1134.jpg,43.359833
image_1135.jpg,26.94561
image_1136.jpg,64.74427
image_1137.jpg,23.257448
image_1138.jpg,41.724937
image_1139.jpg,26.645739
image_114.jpg,29.38846
image_1140.jpg,20.784983
image_1141.jpg,38.32371
image_1142.jpg,27.74253
image_1143.jpg,68.13164
image_1144.jpg,62.296906
image_1145.jpg,46.72886
image_1146.jpg,28.679438
image_1147.jpg,25.006039
image_1148.jpg,50.812542
image_1149.jpg,62.070263
image_115.jpg,22.044271
image_1150.jpg,40.58846
image_1151.jpg,25.430641
image_1152.jpg,48.37352
image_1153.jpg,27.709118
image_1154.jpg,34.000546
image_1155.jpg,2.285708
image_1156.jpg,13.5050125
image_1157.jpg,45.17318
image_1158.jpg,25.07501
image_1159.jpg,1.1533831
image_116.jpg,6.9561443
image_1160.jpg,30.655449
image_1161.jpg,25.579493
image_1162.jpg,6.32514
image_1163.jpg,92.376976
image_1164.jpg,50.546593
image_1165.jpg,72.528496
image_1166.jpg,52.11071
image_1167.jpg,24.357792
image_1168.jpg,14.096946
image_1169.jpg,9.159065
image_117.jpg,9.467595
image_1170.jpg,5.6146894
image_1171.jpg,5.5505767
image_1172.jpg,45.569344
image_1173.jpg,57.444675
image_1174.jpg,58.97421
image_1175.jpg,9.194503
image_1176.jpg,83.60348
image_1177.jpg,44.78638
image_1178.jpg,7.790168
image_1179.jpg,47.83551
image_118.jpg,72.192474
image_1180.jpg,33.157974
image_1181.jpg,31.447811
image_1182.jpg,33.06456
image_1183.jpg,55.057835
image_1184.jpg,34.647133
image_1185.jpg,37.33083
image_1186.jpg,40.4764
image_1187.jpg,6.147133
image_1188.jpg,14.2053585
image_1189.jpg,12.466371
image_119.jpg,47.63195
image_1190.jpg,59.741447
image_1191.jpg,8.1417675
image_1192.jpg,49.01235
image_1193.jpg,66.5057
image_1194.jpg,24.750414
image_1195.jpg,26.730433
image_1196.jpg,9.934877
image_1197.jpg,17.37434
image_1198.jpg,11.8935
image_1199.jpg,61.175106
image_12.jpg,53.7765
image_120.jpg,31.795479
image_1200.jpg,68.81426
image_1201.jpg,45.12129
image_1202.jpg,29.37067
image_1203.jpg,45.601337
image_1204.jpg,30.518867
image_1205.jpg,3.0967343
image_1206.jpg,58.24291
image_1207.jpg,56.874245
image_1208.jpg,37.228783
image_1209.jpg,31.683538
image_121.jpg,24.819357
image_1210.jpg,22.967176
image_1211.jpg,66.2549
image_1212.jpg,68.273865
image_1213.jpg,65.82285
image_1214.jpg,42.82171
image_1215.jpg,58.10856
image_1216.jpg,8.843917
image_1217.jpg,1.1219708
image_1218.jpg,61.340958
image_1219.jpg,51.20546
image_122.jpg,29.662823
image_1220.jpg,23.273441
image_1221.jpg,55.982513
image_1222.jpg,61.740364
image_1223.jpg,81.76585
image_1224.jpg,0.924364
image_1225.jpg,79.197105
image_1226.jpg,24.939575
image_1227.jpg,36.163734
image_1228.jpg,69.248146
image_1229.jpg,24.510798
image_123.jpg,12.164111
image_1230.jpg,9.465863
image_1231.jpg,61.916363
image_1232.jpg,32.541477
image_1233.jpg,20.853827
image_1234.jpg,27.960566
image_1235.jpg,50.635323
image_1236.jpg,54.08213
image_1237.jpg,13.751413
image_1238.jpg,6.7406745
image_1239.jpg,24.149406
image_124.jpg,27.353617
image_1240.jpg,26.665571
image_1241.jpg,29.264473
image_1242.jpg,67.28115
image_1243.jpg,51.693565
image_1244.jpg,26.46829
image_1245.jpg,11.371048
image_1246.jpg,30.505434
image_1247.jpg,38.405994
image_1248.jpg,44.300037
image_1249.jpg,40.239902
image_125.jpg,63.197086
image_1250.jpg,2.572881
image_1251.jpg,52.07784
image_1252.jpg,49.006794
image_1253.jpg,52.866043
image_1254.jpg,27.788282
image_1255.jpg,8.93628
image_1256.jpg,51.17275
image_1257.jpg,66.43877
image_1258.jpg,45.82643
image_1259.jpg,53.58564
image_126.jpg,14.891706
image_1260.jpg,35.67616
image_1261.jpg,57.946663
image_1262.jpg,2.5585132
image_1263.jpg,33.468697
image_1264.jpg,24.758022
image_1265.jpg,28.450073
image_1266.jpg,10.044209
image_1267.jpg,50.25058
image_1268.jpg,50.306656
image_1269.jpg,35.75797
image_127.jpg,28.709097
image_1270.jpg,45.228497
image_1271.jpg,52.601936
image_1272.jpg,68.66485
image_1273.jpg,52.88529
image_1274.jpg,32.330738
image_1275.jpg,33.259796
image_1276.jpg,42.673035
image_1277.jpg,42.74932
image_1278.jpg,32.08709
image_1279.jpg,28.788225
image_128.jpg,12.1317
image_1280.jpg,57.48378
image_1281.jpg,90.43557
image_1282.jpg,55.95177
image_1283.jpg,52.595745
image_1284.jpg,22.217463
image_1285.jpg,67.941444
image_1286.jpg,16.446756
image_1287.jpg,15.539954
image_1288.jpg,61.780594
image_1289.jpg,66.05814
image_129.jpg,33.5699
image_1290.jpg,30.847761
image_1291.jpg,48.49536
image_1292.jpg,29.345037
image_1293.jpg,24.760227
image_1294.jpg,50.178524
image_1295.jpg,57.5483
image_1296.jpg,55.16502
image_1297.jpg,26.134325
image_1298.jpg,26.050337
image_1299.jpg,52.24753
image_13.jpg,58.66163
image_130.jpg,8.157342
image_1300.jpg,73.805916
image_1301.jpg,23.914824
image_1302.jpg,15.7322645
image_1303.jpg,32.08552
image_1304.jpg,40.93543
image_1305.jpg,51.605877
image_1306.jpg,34.374825
image_1307.jpg,2.0489588
image_1308.jpg,50.246742
image_1309.jpg,45.169895
image_131.jpg,56.808918
image_1310.jpg,57.76706
image_1311.jpg,40.01095
image_1312.jpg,35.3216
image_1313.jpg,71.30436
image_1314.jpg,24.201633
image_1315.jpg,34.143394
image_1316.jpg,39.56271
image_1317.jpg,42.85352
image_1318.jpg,10.969922
image_1319.jpg,32.180054
image_132.jpg,55.23759
image_1320.jpg,56.92507
image_1321.jpg,59.82824
image_1322.jpg,30.967981
image_1323.jpg,9.580474
image_1324.jpg,33.519943
image_1325.jpg,10.411257
image_1326.jpg,15.662815
image_1327.jpg,55.804665
image_1328.jpg,11.066401
image_1329.jpg,29.606209
image_133.jpg,45.459778
image_1330.jpg,72.09754
image_1331.jpg,29.530544
image_1332.jpg,44.689545
image_1333.jpg,63.034157
image_1334.jpg,34.354332
image_1335.jpg,52.34446
image_1336.jpg,37.58445
image_1337.jpg,54.46618
image_1338.jpg,24.631145
image_1339.jpg,3.7949152
image_134.jpg,25.41385
image_1340.jpg,24.35544
image_1341.jpg,55.01816
image_1342.jpg,26.45547
image_1343.jpg,40.41537
image_1344.jpg,2.0179682
image_1345.jpg,54.68243
image_1346.jpg,54.143818
image_1347.jpg,21.595924
image_1348.jpg,58.12276
image_1349.jpg,46.923534
image_135.jpg,8.141458
image_1350.jpg,77.37621
image_1351.jpg,42.48301
image_1352.jpg,52.313206
image_1353.jpg,30.630104
image_1354.jpg,47.222515
image_1355.jpg,40.209267
image_1356.jpg,2.9058979
image_1357.jpg,25.446066
image_1358.jpg,49.699356
image_1359.jpg,2.467412
image_136.jpg,24.010393
image_1360.jpg,20.525997
image_1361.jpg,14.69731
image_1362.jpg,48.16893
image_1363.jpg,10.912791
image_1364.jpg,67.426636
image_1365.jpg,51.322266
image_1366.jpg,32.489185
image_1367.jpg,33.381172
image_1368.jpg,73.95947
image_1369.jpg,27.889694
image_137.jpg,27.442575
image_1370.jpg,24.516436
image_1371.jpg,50.64242
image_1372.jpg,28.382881
image_1373.jpg,46.044365
image_1374.jpg,23.502651
image_1375.jpg,52.63773
image_1376.jpg,4.870484
image_1377.jpg,7.637225
image_1378.jpg,53.34716
image_1379.jpg,1.6246779
image_138.jpg,34.39615
image_1380.jpg,58.987015
image_1381.jpg,2.3183098
image_1382.jpg,79.24964
image_1383.jpg,65.81403
image_1384.jpg,69.24275
image_1385.jpg,64.28766
image_1386.jpg,86.86256
image_1387.jpg,5.6029253
image_1388.jpg,45.745373
image_1389.jpg,38.703136
image_139.jpg,17.493149
image_1390.jpg,8.62812
image_1391.jpg,26.676802
image_1392.jpg,38.189983
image_1393.jpg,9.384339
image_1394.jpg,3.4473526
image_1395.jpg,10.581929
image_1396.jpg,46.06885
image_1397.jpg,34.47926
image_1398.jpg,54.909294
image_1399.jpg,8.921268
image_14.jpg,50.411327
image_140.jpg,6.472845
image_1400.jpg,70.83615
image_1401.jpg,49.425755
image_1402.jpg,66.82822
image_1403.jpg,28.839949
image_1404.jpg,28.795303
image_1405.jpg,24.015211
image_1406.jpg,59.2309
image_1407.jpg,27.258503
image_1408.jpg,37.235973
image_1409.jpg,2.3334603
image_141.jpg,55.660213
image_1410.jpg,7.528749
image_1411.jpg,1.231767
image_1412.jpg,52.401276
image_1413.jpg,21.298315
image_1414.jpg,37.749454
image_1415.jpg,16.831165
image_1416.jpg,46.85927
image_1417.jpg,35.51276
image_1418.jpg,29.860712
image_1419.jpg,12.484881
image_142.jpg,1.6275843
image_1420.jpg,26.820185
image_1421.jpg,44.463047
image_1422.jpg,74.99937
image_1423.jpg,34.671543
image_1424.jpg,33.052532
image_1425.jpg,3.9889915
image_1426.jpg,12.071618
image_1427.jpg,47.53434
image_1428.jpg,8.940925
image_1429.jpg,12.065891
image_143.jpg,19.985498
image_1430.jpg,22.871592
image_1431.jpg,9.8785
image_1432.jpg,9.623688
image_1433.jpg,36.2034
image_1434.jpg,11.064787
image_1435.jpg,40.77661
image_1436.jpg,36.747757
image_1437.jpg,57.43595
image_1438.jpg,33.786823
image_1439.jpg,46.232697
image_144.jpg,12.65898
image_1440.jpg,40.600975
image_1441.jpg,53.947895
image_1442.jpg,9.144501
image_1443.jpg,30.03265
image_1444.jpg,0.9338511
image_1445.jpg,27.095423
image_1446.jpg,64.89819
image_1447.jpg,7.2614536
image_1448.jpg,50.666557
image_1449.jpg,33.571777
image_145.jpg,13.7168665
image_1450.jpg,1.0925841
image_1451.jpg,25.101734
image_1452.jpg,27.83142
image_1453.jpg,42.38052
image_1454.jpg,26.271164
image_1455.jpg,67.8715
image_1456.jpg,45.71792
image_1457.jpg,68.820656
image_1458.jpg,25.277504
image_1459.jpg,51.599537
image_146.jpg,58.868324
image_1460.jpg,38.240166
image_1461.jpg,69.74462
image_1462.jpg,34.89321
image_1463.jpg,4.167746
image_1464.jpg,27.27093
image_1465.jpg,63.654095
image_1466.jpg,11.719396
image_1467.jpg,40.74586
image_1468.jpg,42.456657
image_1469.jpg,24.706596
image_147.jpg,23.518217
image_1470.jpg,29.064293
image_1471.jpg,39.49803
image_1472.jpg,70.57526
image_1473.jpg,25.758417
image_1474.jpg,27.395603
image_1475.jpg,74.175606
image_1476.jpg,74.894775
image_1477.jpg,74.0071
image_1478.jpg,59.587494
image_1479.jpg,32.348328
image_148.jpg,31.13736
image_1480.jpg,36.94233
image_1481.jpg,9.892018
image_1482.jpg,17.479958
image_1483.jpg,38.996483
image_1484.jpg,26.388004
image_1485.jpg,75.62487
image_1486.jpg,45.792835
image_1487.jpg,27.506592
image_1488.jpg,72.02508
image_1489.jpg,27.962803
image_149.jpg,51.21059
image_1490.jpg,18.500416
image_1491.jpg,25.075495
image_1492.jpg,28.28806
image_1493.jpg,21.77993
image_1494.jpg,40.133778
image_1495.jpg,64.20058
image_1496.jpg,24.740778
image_1497.jpg,52.482998
image_1498.jpg,28.106638
image_1499.jpg,27.034302
image_15.jpg,35.125027
image_150.jpg,7.357835
image_1500.jpg,38.66218
image_1501.jpg,45.15526
image_1502.jpg,27.203548
image_1503.jpg,10.39327
image_1504.jpg,58.210037
image_1505.jpg,70.12963
image_1506.jpg,68.68779
image_1507.jpg,54.38009
image_1508.jpg,55.279335
image_1509.jpg,64.24201
image_151.jpg,68.59249
image_1510.jpg,58.185738
image_1511.jpg,65.21485
image_1512.jpg,35.931866
image_1513.jpg,35.227516
image_1514.jpg,33.966644
image_1515.jpg,31.466455
image_1516.jpg,58.96682
image_1517.jpg,29.719944
image_1518.jpg,30.881678
image_1519.jpg,22.27847
image_152.jpg,1.0726137
image_1520.jpg,26.495287
image_1521.jpg,24.577564
image_1522.jpg,56.156826
image_1523.jpg,38.183655
image_1524.jpg,71.62999
image_1525.jpg,41.132618
image_1526.jpg,10.760998
image_1527.jpg,43.39881
image_1528.jpg,53.331226
image_1529.jpg,26.856382
image_153.jpg,24.395063
image_1530.jpg,42.266598
image_1531.jpg,40.475693
image_1532.jpg,52.587227
image_1533.jpg,36.38341
image_1534.jpg,51.473396
image_1535.jpg,23.754253
image_1536.jpg,23.937798
image_1537.jpg,61.786976
image_1538.jpg,35.784702
image_1539.jpg,58.668316
image_154.jpg,76.12879
image_1540.jpg,1.870585
image_1541.jpg,27.99233
image_1542.jpg,65.002426
image_1543.jpg,60.658813
image_1544.jpg,24.531145
image_1545.jpg,69.111694
image_1546.jpg,32.46518
image_1547.jpg,23.913189
image_1548.jpg,22.524254
image_1549.jpg,58.258224
image_155.jpg,5.880083
image_1550.jpg,17.81804
image_1551.jpg,5.52057
image_1552.jpg,59.677048
image_1553.jpg,38.10781
image_1554.jpg,31.395374
image_1555.jpg,37.91294
image_1556.jpg,18.756508
image_1557.jpg,30.839266
image_1558.jpg,38.393
image_1559.jpg,23.307379
image_156.jpg,59.43534
image_1560.jpg,59.188374
image_1561.jpg,40.451183
image_1562.jpg,70.45499
image_1563.jpg,80.48103
image_1564.jpg,41.443188
image_1565.jpg,3.4705074
image_1566.jpg,45.31628
image_1567.jpg,55.492607
image_1568.jpg,16.259035
image_1569.jpg,24.577362
image_157.jpg,43.044243
image_1570.jpg,7.451432
image_1571.jpg,23.421074
image_1572.jpg,46.83251
image_1573.jpg,1.8306663
image_1574.jpg,32.593033
image_1575.jpg,62.417496
image_1576.jpg,29.73273
image_1577.jpg,13.365496
image_1578.jpg,49.103085
image_1579.jpg,8.458606
image_158.jpg,28.897291
image_1580.jpg,3.1691153
image_1581.jpg,59.14115
image_1582.jpg,66.68235
image_1583.jpg,26.8699
image_1584.jpg,4.079035
image_1585.jpg,56.06259
image_1586.jpg,65.47032
image_1587.jpg,69.16804
image_1588.jpg,25.031767
image_1589.jpg,32.98044
image_159.jpg,6.38124
image_1590.jpg,32.84363
image_1591.jpg,10.335066
image_1592.jpg,15.410499
image_1593.jpg,28.64711
image_1594.jpg,31.594543
image_1595.jpg,44.349247
image_1596.jpg,22.76689
image_1597.jpg,3.8614094
image_1598.jpg,61.6627
image_1599.jpg,57.969345
image_16.jpg,64.32818
image_160.jpg,10.048137
image_1600.jpg,5.8659873
image_1601.jpg,16.285011
image_1602.jpg,70.865005
image_1603.jpg,71.94737
image_1604.jpg,64.433914
image_1605.jpg,56.446167
image_1606.jpg,57.182396
image_1607.jpg,1.3002349
image_1608.jpg,26.965267
image_1609.jpg,53.497757
image_161.jpg,31.913961
image_1610.jpg,75.125114
image_1611.jpg,61.989067
image_1612.jpg,72.54758
image_1613.jpg,14.440157
image_1614.jpg,53.22325
image_1615.jpg,43.135757
image_1616.jpg,12.752342
image_1617.jpg,64.605
image_1618.jpg,37.722115
image_1619.jpg,29.439316
image_162.jpg,9.898394
image_1620.jpg,61.206947
image_1621.jpg,32.67089
image_1622.jpg,66.368484
image_1623.jpg,30.04537
image_1624.jpg,56.971523
image_1625.jpg,25.165005
image_1626.jpg,55.761795
image_1627.jpg,65.12324
image_1628.jpg,50.51071
image_1629.jpg,12.771395
image_163.jpg,45.537697
image_1630.jpg,2.2818258
image_1631.jpg,60.882908
image_1632.jpg,69.17264
image_1633.jpg,62.78032
image_1634.jpg,44.84749
image_1635.jpg,25.4627
image_1636.jpg,59.872284
image_1637.jpg,2.74559
image_1638.jpg,20.800537
image_1639.jpg,20.437817
image_164.jpg,12.413894
image_1640.jpg,26.448778
image_1641.jpg,25.999104
image_1642.jpg,11.884309
image_1643.jpg,16.809765
image_1644.jpg,63.596447
image_1645.jpg,52.94763
image_1646.jpg,9.755396
image_1647.jpg,34.09545
image_1648.jpg,76.76769
image_1649.jpg,53.36295
image_165.jpg,70.50046
image_1650.jpg,15.164379
image_1651.jpg,51.325382
image_1652.jpg,5.9604893
image_1653.jpg,28.639656
image_1654.jpg,26.761541
image_1655.jpg,20.28952
image_1656.jpg,23.89917
image_1657.jpg,13.63496
image_1658.jpg,55.86585
image_1659.jpg,71.896904
image_166.jpg,51.021763
image_1660.jpg,49.0705
image_1661.jpg,1.8462068
image_1662.jpg,45.856796
image_1663.jpg,56.49286
image_1664.jpg,7.9782095
image_1665.jpg,54.89368
image_1666.jpg,34.67727
image_1667.jpg,63.776146
image_1668.jpg,44.841362
image_1669.jpg,54.884663
image_167.jpg,30.818674
image_1670.jpg,48.3367
image_1671.jpg,10.525937
image_1672.jpg,43.05595
image_1673.jpg,5.250607
image_1674.jpg,62.597504
image_1675.jpg,50.73984
image_1676.jpg,56.914825
image_1677.jpg,48.88352
image_1678.jpg,31.111088
image_1679.jpg,44.40604
image_168.jpg,56.104416
image_1680.jpg,26.984095
image_1681.jpg,28.176899
image_1682.jpg,41.68812
image_1683.jpg,23.244907
image_1684.jpg,9.177097
image_1685.jpg,0.8719108
image_1686.jpg,2.1689973
image_1687.jpg,48.349506
image_1688.jpg,7.3899713
image_1689.jpg,27.866425
image_169.jpg,6.0480604
image_1690.jpg,62.355846
image_1691.jpg,34.708317
image_1692.jpg,26.601406
image_1693.jpg,18.517214
image_1694.jpg,18.739212
image_1695.jpg,26.764257
image_1696.jpg,26.75834
image_1697.jpg,67.299736
image_1698.jpg,41.134655
image_1699.jpg,64.49363
image_17.jpg,87.94279
image_170.jpg,39.007324
image_1700.jpg,65.30291
image_1701.jpg,63.683178
image_1702.jpg,34.5258
image_1703.jpg,45.164318
image_1704.jpg,39.63636
image_1705.jpg,33.275604
image_1706.jpg,69.61063
image_1707.jpg,4.246135
image_1708.jpg,1.6694977
image_1709.jpg,50.13163
image_171.jpg,62.925198
image_1710.jpg,23.88606
image_1711.jpg,74.34444
image_1712.jpg,43.611862
image_1713.jpg,67.823105
image_1714.jpg,33.005688
image_1715.jpg,34.129265
image_1716.jpg,8.197489
image_1717.jpg,11.129756
image_1718.jpg,23.796564
image_1719.jpg,75.04572
image_172.jpg,62.921288
image_1720.jpg,62.533222
image_1721.jpg,58.52607
image_1722.jpg,13.740646
image_1723.jpg,2.0979614
image_1724.jpg,26.106247
image_1725.jpg,9.602123
image_1726.jpg,58.030354
image_1727.jpg,67.71588
image_1728.jpg,1.9995539
image_1729.jpg,63.10406
image_173.jpg,27.721567
image_1730.jpg,8.604481
image_1731.jpg,14.280761
image_1732.jpg,64.4361
image_1733.jpg,27.88561
image_1734.jpg,35.52676
image_1735.jpg,31.004488
image_1736.jpg,46.005096
image_1737.jpg,6.229129
image_1738.jpg,44.916702
image_1739.jpg,28.365892
image_174.jpg,12.812849
image_1740.jpg,47.300385
image_1741.jpg,15.598029
image_1742.jpg,62.00844
image_1743.jpg,1.947383
image_1744.jpg,28.137466
image_1745.jpg,52.879814
image_1746.jpg,5.8095546
image_1747.jpg,23.36392
image_1748.jpg,33.287727
image_1749.jpg,9.027726
image_175.jpg,26.537786
image_1750.jpg,64.27749
image_1751.jpg,5.9773393
image_1752.jpg,8.180615
image_1753.jpg,45.202408
image_1754.jpg,51.332447
image_1755.jpg,61.462082
image_1756.jpg,44.1098
image_1757.jpg,51.25692
image_1758.jpg,42.725048
image_1759.jpg,65.82844
image_176.jpg,31.795046
image_1760.jpg,71.52061
image_1761.jpg,41.08022
image_1762.jpg,27.488838
image_1763.jpg,11.091509
image_1764.jpg,19.910315
image_1765.jpg,21.027472
image_1766.jpg,62.63851
image_1767.jpg,56.212357
image_1768.jpg,43.31961
image_1769.jpg,90.45655
image_177.jpg,34.38162
image_1770.jpg,56.90382
image_1771.jpg,28.287867
image_1772.jpg,25.487955
image_1773.jpg,55.591072
image_1774.jpg,63.834465
image_1775.jpg,72.2694
image_1776.jpg,3.583319
image_1777.jpg,0.95080584
image_1778.jpg,49.045605
image_1779.jpg,52.02191
image_178.jpg,51.38994
image_1780.jpg,7.0232387
image_1781.jpg,23.83698
image_1782.jpg,25.738373
image_1783.jpg,49.3403
image_1784.jpg,42.35257
image_1785.jpg,7.7442384
image_1786.jpg,1.4158263
image_1787.jpg,60.834145
image_1788.jpg,26.69608
image_1789.jpg,67.157646
image_179.jpg,49.177902
image_1790.jpg,54.359627
image_1791.jpg,69.88413
image_1792.jpg,70.62511
image_1793.jpg,4.5747404
image_1794.jpg,77.88695
image_1795.jpg,14.093618
image_1796.jpg,56.71289
image_1797.jpg,29.96276
image_1798.jpg,29.859694
image_1799.jpg,28.326197
image_18.jpg,27.47004
image_180.jpg,26.866428
image_1800.jpg,41.258984
image_1801.jpg,63.019253
image_1802.jpg,29.624916
image_1803.jpg,69.32996
image_1804.jpg,49.469437
image_1805.jpg,56.900024
image_1806.jpg,62.219048
image_1807.jpg,1.7643299
image_1808.jpg,19.59155
image_1809.jpg,91.02985
image_181.jpg,84.294304
image_1810.jpg,26.504543
image_1811.jpg,34.854256
image_1812.jpg,66.56214
image_1813.jpg,14.441966
image_1814.jpg,23.955732
image_1815.jpg,8.006537
image_1816.jpg,27.222658
image_1817.jpg,38.688534
image_1818.jpg,7.8448653
image_1819.jpg,68.92619
image_182.jpg,43.93459
image_1820.jpg,60.329357
image_1821.jpg,57.384808
image_1822.jpg,68.69928
image_1823.jpg,73.63031
image_1824.jpg,9.58794
image_1825.jpg,42.05926
image_1826.jpg,25.776304
image_1827.jpg,14.383466
image_1828.jpg,63.20651
image_1829.jpg,26.386019
image_183.jpg,52.064922
image_1830.jpg,13.530932
image_1831.jpg,21.366236
image_1832.jpg,67.27674
image_1833.jpg,64.31713
image_1834.jpg,45.639107
image_1835.jpg,32.45541
image_1836.jpg,24.066763
image_1837.jpg,22.437716
image_1838.jpg,57.04325
image_1839.jpg,39.385452
image_184.jpg,75.160385
image_1840.jpg,74.949974
image_1841.jpg,1.460797
image_1842.jpg,39.399605
image_1843.jpg,13.878756
image_1844.jpg,54.75558
image_1845.jpg,30.063124
image_1846.jpg,60.136684
image_1847.jpg,57.70602
image_1848.jpg,34.092308
image_1849.jpg,67.47314
image_185.jpg,1.1801513
image_1850.jpg,56.99232
image_1851.jpg,22.994917
image_1852.jpg,36.552174
image_1853.jpg,23.463036
image_1854.jpg,65.03863
image_1855.jpg,17.026754
image_1856.jpg,73.42925
image_1857.jpg,14.379368
image_1858.jpg,31.17754
image_1859.jpg,61.70903
image_186.jpg,32.900913
image_1860.jpg,36.073086
image_1861.jpg,65.88919
image_1862.jpg,55.337276
image_1863.jpg,36.129696
image_1864.jpg,43.861008
image_1865.jpg,26.596819
image_1866.jpg,57.388615
image_1867.jpg,25.959257
image_1868.jpg,41.287006
image_1869.jpg,8.014423
image_187.jpg,37.226727
image_1870.jpg,28.523125
image_1871.jpg,55.421635
image_1872.jpg,46.045216
image_1873.jpg,33.655945
image_1874.jpg,39.50221
image_1875.jpg,51.677055
image_1876.jpg,23.82728
image_1877.jpg,33.74548
image_1878.jpg,57.958942
image_1879.jpg,12.661507
image_188.jpg,51.27469
image_1880.jpg,25.445677
image_1881.jpg,4.102376
image_1882.jpg,51.188656
image_1883.jpg,52.902145
image_1884.jpg,28.88714
image_1885.jpg,65.886856
image_1886.jpg,59.03216
image_1887.jpg,61.72534
image_1888.jpg,66.33878
image_1889.jpg,65.71288
image_189.jpg,61.285793
image_1890.jpg,31.056227
image_1891.jpg,2.3379693
image_1892.jpg,10.282927
image_1893.jpg,63.60551
image_1894.jpg,51.28199
image_1895.jpg,1.0620544
image_1896.jpg,73.748116
image_1897.jpg,64.25218
image_1898.jpg,53.05984
image_1899.jpg,31.090725
image_19.jpg,7.6986227
image_190.jpg,40.152493
image_1900.jpg,63.17384
image_1901.jpg,24.445223
image_1902.jpg,58.123814
image_1903.jpg,28.383245
image_1904.jpg,26.162157
image_1905.jpg,10.474835
image_1906.jpg,55.46548
image_1907.jpg,52.738716
image_1908.jpg,78.065926
image_1909.jpg,5.8091087
image_191.jpg,27.164349
image_1910.jpg,30.441133
image_1911.jpg,10.501492
image_1912.jpg,1.4342616
image_1913.jpg,62.918636
image_1914.jpg,33.901443
image_1915.jpg,43.920177
image_1916.jpg,32.662025
image_1917.jpg,41.411877
image_1918.jpg,26.936516
image_1919.jpg,7.329431
image_192.jpg,33.980843
image_1920.jpg,36.762436
image_1921.jpg,31.527075
image_1922.jpg,52.663326
image_1923.jpg,41.245056
image_1924.jpg,61.209175
image_1925.jpg,30.32404
image_1926.jpg,22.731619
image_1927.jpg,66.55496
image_1928.jpg,27.204205
image_1929.jpg,28.515825
image_193.jpg,33.254684
image_1930.jpg,70.810234
image_1931.jpg,18.71463
image_1932.jpg,17.33988
image_1933.jpg,63.204556
image_1934.jpg,56.34312
image_1935.jpg,26.358313
image_1936.jpg,6.57641
image_1937.jpg,59.078064
image_1938.jpg,33.599144
image_1939.jpg,72.17862
image_194.jpg,3.868471
image_1940.jpg,63.95662
image_1941.jpg,10.13771
image_1942.jpg,1.0992317
image_1943.jpg,6.6875105
image_1944.jpg,48.933434
image_1945.jpg,39.795708
image_1946.jpg,35.775
image_1947.jpg,59.27583
image_1948.jpg,39.023743
image_1949.jpg,68.66098
image_195.jpg,12.772971
image_196.jpg,23.537159
image_197.jpg,8.205794
image_198.jpg,74.76615
image_199.jpg,35.589336
image_2.jpg,79.44321
image_20.jpg,76.863884
image_200.jpg,14.798823
image_201.jpg,77.61486
image_202.jpg,44.70038
image_203.jpg,63.02713
image_204.jpg,27.507528
image_205.jpg,60.482536
image_206.jpg,26.16768
image_207.jpg,50.777573
image_208.jpg,23.670359
image_209.jpg,27.76065
image_21.jpg,8.38631
image_210.jpg,59.88689
image_211.jpg,59.700123
image_212.jpg,47.612503
image_213.jpg,33.15189
image_214.jpg,40.429874
image_215.jpg,27.26164
image_216.jpg,38.921375
image_217.jpg,34.2965
image_218.jpg,66.85881
image_219.jpg,10.842939
image_22.jpg,45.206287
image_220.jpg,35.172367
image_221.jpg,32.360664
image_222.jpg,19.635878
image_223.jpg,56.803623
image_224.jpg,24.77661
image_225.jpg,56.822594
image_226.jpg,58.291862
image_227.jpg,84.59893
image_228.jpg,67.51558
image_229.jpg,34.12016
image_23.jpg,27.035135
image_230.jpg,48.2874
image_231.jpg,39.45484
image_232.jpg,71.92759
image_233.jpg,53.7085
image_234.jpg,43.822243
image_235.jpg,40.45739
image_236.jpg,78.94122
image_237.jpg,57.337727
image_238.jpg,28.648987
image_239.jpg,7.5834227
image_24.jpg,41.46081
image_240.jpg,39.524952
image_241.jpg,36.751724
image_242.jpg,31.049057
image_243.jpg,26.530085
image_244.jpg,17.785894
image_245.jpg,28.252424
image_246.jpg,52.359375
image_247.jpg,40.24494
image_248.jpg,1.189858
image_249.jpg,32.560734
image_25.jpg,69.5149
image_250.jpg,44.411026
image_251.jpg,23.144352
image_252.jpg,5.686074
image_253.jpg,31.264927
image_254.jpg,22.18984
image_255.jpg,51.048702
image_256.jpg,17.175562
image_257.jpg,44.935577
image_258.jpg,49.770206
image_259.jpg,61.421303
image_26.jpg,28.45245
image_260.jpg,40.40022
image_261.jpg,30.911148
image_262.jpg,22.723825
image_263.jpg,24.641
image_264.jpg,26.405111
image_265.jpg,61.323788
image_266.jpg,43.06728
image_267.jpg,4.9467316
image_268.jpg,27.804396
image_269.jpg,63.911102
image_27.jpg,4.213432
image_270.jpg,9.489677
image_271.jpg,13.399622
image_272.jpg,61.096577
image_273.jpg,34.103027
image_274.jpg,65.87534
image_275.jpg,25.828274
image_276.jpg,30.88324
image_277.jpg,26.002995
image_278.jpg,20.399643
image_279.jpg,31.425001
image_28.jpg,13.925391
image_280.jpg,45.89131
image_281.jpg,52.62014
image_282.jpg,14.462503
image_283.jpg,41.66905
image_284.jpg,68.412476
image_285.jpg,42.14558
image_286.jpg,26.769651
image_287.jpg,22.435644
image_288.jpg,54.44281
image_289.jpg,37.452023
image_29.jpg,24.801298
image_290.jpg,49.29203
image_291.jpg,31.83232
image_292.jpg,1.9005265
image_293.jpg,23.442917
image_294.jpg,16.536243
image_295.jpg,33.56525
image_296.jpg,1.4259546
image_297.jpg,42.617157
image_298.jpg,17.485052
image_299.jpg,25.375393
image_3.jpg,53.14365
image_30.jpg,57.72934
image_300.jpg,26.048418
image_301.jpg,14.587832
image_302.jpg,64.80777
image_303.jpg,77.64279
image_304.jpg,62.40139
image_305.jpg,56.37693
image_306.jpg,29.481178
image_307.jpg,39.91179
image_308.jpg,56.903255
image_309.jpg,25.52244
image_31.jpg,7.32593
image_310.jpg,11.718743
image_311.jpg,35.76642
image_312.jpg,36.3458
image_313.jpg,42.389694
image_314.jpg,60.03859
image_315.jpg,26.851295
image_316.jpg,36.58672
image_317.jpg,71.63205
image_318.jpg,7.7184405
image_319.jpg,69.06905
image_32.jpg,62.28243
image_320.jpg,52.473545
image_321.jpg,53.647354
image_322.jpg,45.532154
image_323.jpg,34.551258
image_324.jpg,47.499245
image_325.jpg,66.64026
image_326.jpg,74.56685
image_327.jpg,68.400185
image_328.jpg,58.694023
image_329.jpg,22.864573
image_33.jpg,28.710768
image_330.jpg,56.909782
image_331.jpg,50.20723
image_332.jpg,70.06391
image_333.jpg,1.3174542
image_334.jpg,35.57756
image_335.jpg,32.18557
image_336.jpg,69.92796
image_337.jpg,51.99601
image_338.jpg,57.542156
image_339.jpg,56.32583
image_34.jpg,53.183933
image_340.jpg,42.137924
image_341.jpg,50.83534
image_342.jpg,44.401573
image_343.jpg,18.371065
image_344.jpg,62.217365
image_345.jpg,60.626457
image_346.jpg,6.5969296
image_347.jpg,56.3665
image_348.jpg,38.42629
image_349.jpg,27.790741
image_35.jpg,6.3427815
image_350.jpg,30.361115
image_351.jpg,67.86516
image_352.jpg,31.713837
image_353.jpg,32.917328
image_354.jpg,16.834982
image_355.jpg,1.7713563
image_356.jpg,28.865871
image_357.jpg,4.168117
image_358.jpg,31.388575
image_359.jpg,68.742195
image_36.jpg,32.921486
image_360.jpg,19.324516
image_361.jpg,41.001
image_362.jpg,58.183826
image_363.jpg,38.96189
image_364.jpg,10.282246
image_365.jpg,61.036613
image_366.jpg,26.663269
image_367.jpg,48.162354
image_368.jpg,59.793674
image_369.jpg,62.624958
image_37.jpg,51.767918
image_370.jpg,27.74161
image_371.jpg,52.536144
image_372.jpg,54.74158
image_373.jpg,34.297817
image_374.jpg,44.887302
image_375.jpg,10.876132
image_376.jpg,73.48867
image_377.jpg,13.078229
image_378.jpg,71.585556
image_379.jpg,55.604362
image_38.jpg,11.242506
image_380.jpg,55.62958
image_381.jpg,35.13105
image_382.jpg,18.916079
image_383.jpg,76.17901
image_384.jpg,27.052605
image_385.jpg,69.834816
image_386.jpg,49.633564
image_387.jpg,23.29152
image_388.jpg,26.185848
image_389.jpg,0.85240585
image_39.jpg,23.965181
image_390.jpg,30.137606
image_391.jpg,17.469944
image_392.jpg,8.066252
image_393.jpg,33.848
image_394.jpg,4.766763
image_395.jpg,7.308289
image_396.jpg,27.384363
image_397.jpg,16.690392
image_398.jpg,14.982482
image_399.jpg,43.700905
image_4.jpg,31.874807
image_40.jpg,68.17512
image_400.jpg,55.677864
image_401.jpg,52.956707
image_402.jpg,27.26574
image_403.jpg,45.83386
image_404.jpg,66.48182
image_405.jpg,31.610397
image_406.jpg,23.999619
image_407.jpg,5.0289645
image_408.jpg,67.5938
image_409.jpg,25.68597
image_41.jpg,67.23528
image_410.jpg,69.04846
image_411.jpg,25.566656
image_412.jpg,26.672367
image_413.jpg,51.608234
image_414.jpg,71.33379
image_415.jpg,21.651737
image_416.jpg,55.653797
image_417.jpg,38.212883
image_418.jpg,25.118265
image_419.jpg,11.911823
image_42.jpg,50.750595
image_420.jpg,1.5541854
image_421.jpg,3.1494513
image_422.jpg,27.079052
image_423.jpg,1.1336627
image_424.jpg,73.29322
image_425.jpg,4.19937
image_426.jpg,65.03113
image_427.jpg,24.867521
image_428.jpg,42.248142
image_429.jpg,22.79851
image_43.jpg,63.56137
image_430.jpg,25.00879
image_431.jpg,22.04352
image_432.jpg,71.938156
image_433.jpg,32.783283
image_434.jpg,85.891624
image_435.jpg,26.255444
image_436.jpg,72.33389
image_437.jpg,26.634182
image_438.jpg,60.744976
image_439.jpg,15.5526495
image_44.jpg,43.974346
image_440.jpg,28.31847
image_441.jpg,27.614809
image_442.jpg,28.55101
image_443.jpg,23.046988
image_444.jpg,56.27517
image_445.jpg,24.205585
image_446.jpg,12.469215
image_447.jpg,53.57187
image_448.jpg,25.22038
image_449.jpg,57.86157
image_45.jpg,70.171936
image_450.jpg,57.52752
image_451.jpg,41.413666
image_452.jpg,70.79083
image_453.jpg,19.591501
image_454.jpg,41.022293
image_455.jpg,26.425592
image_456.jpg,41.455246
image_457.jpg,36.131165
image_458.jpg,38.229122
image_459.jpg,0.89006793
image_46.jpg,22.934921
image_460.jpg,31.04807
image_461.jpg,31.245432
image_462.jpg,60.911587
image_463.jpg,13.337328
image_464.jpg,1.9013978
image_465.jpg,80.09674
image_466.jpg,29.119658
image_467.jpg,72.78171
image_468.jpg,62.547573
image_469.jpg,50.797203
image_47.jpg,75.6516
image_470.jpg,25.480171
image_471.jpg,28.420176
image_472.jpg,48.804222
image_473.jpg,16.990017
image_474.jpg,36.10611
image_475.jpg,23.76994
image_476.jpg,75.517265
image_477.jpg,26.57514
image_478.jpg,1.1621917
image_479.jpg,1.1202295
image_48.jpg,15.208846
image_480.jpg,40.316532
image_481.jpg,37.650246
image_482.jpg,57.68762
image_483.jpg,22.54323
image_484.jpg,9.885491
image_485.jpg,64.98838
image_486.jpg,39.68815
image_487.jpg,4.056421
image_488.jpg,39.60503
image_489.jpg,63.29928
image_49.jpg,5.577594
image_490.jpg,11.692904
image_491.jpg,66.15005
image_492.jpg,74.66451
image_493.jpg,69.83712
image_494.jpg,20.205019
image_495.jpg,44.41069
image_496.jpg,33.347233
image_497.jpg,15.465381
image_498.jpg,22.070333
image_499.jpg,44.05571
image_5.jpg,66.37546
image_50.jpg,51.65034
image_500.jpg,4.6925926
image_501.jpg,80.508
image_502.jpg,88.80306
image_503.jpg,45.051792
image_504.jpg,29.344036
image_505.jpg,60.20321
image_506.jpg,29.25685
image_507.jpg,18.456053
image_508.jpg,42.80573
image_509.jpg,47.262566
image_51.jpg,23.831896
image_510.jpg,87.62757
image_511.jpg,21.14659
image_512.jpg,47.62183
image_513.jpg,0.94028807
image_514.jpg,22.923037
image_515.jpg,22.790628
image_516.jpg,50.87313
image_517.jpg,25.70821
image_518.jpg,7.5151258
image_519.jpg,61.68531
image_52.jpg,28.866423
image_520.jpg,1.8650937
image_521.jpg,4.1916547
image_522.jpg,81.75889
image_523.jpg,67.64645
image_524.jpg,27.138046
image_525.jpg,28.016222
image_526.jpg,15.320307
image_527.jpg,58.327976
image_528.jpg,39.782978
image_529.jpg,34.4298
image_53.jpg,46.286217
image_530.jpg,70.058876
image_531.jpg,51.233948
image_532.jpg,47.477386
image_533.jpg,15.450276
image_534.jpg,28.874853
image_535.jpg,56.03824
image_536.jpg,28.631033
image_537.jpg,35.2523
image_538.jpg,28.088835
image_539.jpg,47.881
image_54.jpg,9.171616
image_540.jpg,46.827995
image_541.jpg,66.79886
image_542.jpg,8.891961
image_543.jpg,40.567192
image_544.jpg,59.982994
image_545.jpg,9.695395
image_546.jpg,72.542175
image_547.jpg,26.700815
image_548.jpg,11.40625
image_549.jpg,36.32777
image_55.jpg,28.53497
image_550.jpg,85.73619
image_551.jpg,70.6908
image_552.jpg,34.89111
image_553.jpg,35.36168
image_554.jpg,50.626835
image_555.jpg,72.69885
image_556.jpg,5.7599177
image_557.jpg,69.72878
image_558.jpg,42.87265
image_559.jpg,60.26183
image_56.jpg,48.17463
image_560.jpg,52.99605
image_561.jpg,58.209576
image_562.jpg,29.786654
image_563.jpg,53.74818
image_564.jpg,3.5338364
image_565.jpg,50.882145
image_566.jpg,16.077925
image_567.jpg,70.72061
image_568.jpg,36.008396
image_569.jpg,4.2757783
image_57.jpg,26.278296
image_570.jpg,15.792702
image_571.jpg,26.594637
image_572.jpg,51.881645
image_573.jpg,25.889256
image_574.jpg,54.124065
image_575.jpg,29.67603
image_576.jpg,36.41147
image_577.jpg,37.868332
image_578.jpg,49.49083
image_579.jpg,74.93079
image_58.jpg,7.800317
image_580.jpg,76.63012
image_581.jpg,42.844498
image_582.jpg,79.729
image_583.jpg,9.673186
image_584.jpg,55.263744
image_585.jpg,26.726381
image_586.jpg,48.021145
image_587.jpg,44.980453
image_588.jpg,58.952713
image_589.jpg,50.790413
image_59.jpg,48.49724
image_590.jpg,21.560812
image_591.jpg,55.171288
image_592.jpg,61.18023
image_593.jpg,35.394432
image_594.jpg,76.28421
image_595.jpg,28.313341
image_596.jpg,47.033012
image_597.jpg,59.10449
image_598.jpg,52.56168
image_599.jpg,69.599434
image_6.jpg,13.197539
image_60.jpg,43.68947
image_600.jpg,33.701176
image_601.jpg,21.521784
image_602.jpg,64.142
image_603.jpg,63.345306
image_604.jpg,64.50996
image_605.jpg,53.834072
image_606.jpg,9.835189
image_607.jpg,46.224133
image_608.jpg,49.101925
image_609.jpg,37.795197
image_61.jpg,41.2981
image_610.jpg,33.988014
image_611.jpg,50.640736
image_612.jpg,14.459588
image_613.jpg,70.63266
image_614.jpg,30.624964
image_615.jpg,47.708435
image_616.jpg,51.472588
image_617.jpg,61.756653
image_618.jpg,51.058525
image_619.jpg,32.233707
image_62.jpg,18.27349
image_620.jpg,10.922742
image_621.jpg,29.73491
image_622.jpg,25.992254
image_623.jpg,9.160725
image_624.jpg,13.839737
image_625.jpg,67.71077
image_626.jpg,0.8914722
image_627.jpg,58.008026
image_628.jpg,7.8515134
image_629.jpg,53.9706
image_63.jpg,53.667236
image_630.jpg,55.987114
image_631.jpg,1.6609448
image_632.jpg,25.331232
image_633.jpg,39.53054
image_634.jpg,22.70326
image_635.jpg,22.743973
image_636.jpg,29.38798
image_637.jpg,24.937716
image_638.jpg,49.141247
image_639.jpg,31.255676
image_64.jpg,30.361662
image_640.jpg,41.85409
image_641.jpg,24.854849
image_642.jpg,37.8641
image_643.jpg,1.2702268
image_644.jpg,10.728102
image_645.jpg,72.077286
image_646.jpg,76.81104
image_647.jpg,74.68926
image_648.jpg,24.988867
image_649.jpg,24.726393
image_65.jpg,16.738668
image_650.jpg,2.0908408
image_651.jpg,40.8151
image_652.jpg,47.688076
image_653.jpg,30.21802
image_654.jpg,4.0846963
image_655.jpg,44.6844
image_656.jpg,54.39992
image_657.jpg,60.69389
image_658.jpg,37.953293
image_659.jpg,3.880198
image_66.jpg,60.8594
image_660.jpg,5.181789
image_661.jpg,66.51148
image_662.jpg,24.841707
image_663.jpg,22.138828
image_664.jpg,24.886482
image_665.jpg,21.85981
image_666.jpg,22.999567
image_667.jpg,64.354485
image_668.jpg,51.312298
image_669.jpg,52.377857
image_67.jpg,33.864296
image_670.jpg,21.333757
image_671.jpg,30.116205
image_672.jpg,31.680544
image_673.jpg,56.684723
image_674.jpg,68.35509
image_675.jpg,2.3127172
image_676.jpg,15.9692545
image_677.jpg,83.316475
image_678.jpg,58.924416
image_679.jpg,16.284649
image_68.jpg,66.96953
image_680.jpg,15.821691
image_681.jpg,31.051828
image_682.jpg,36.332962
image_683.jpg,54.3675
image_684.jpg,38.005276
image_685.jpg,47.43238
image_686.jpg,65.91381
image_687.jpg,30.525421
image_688.jpg,32.570133
image_689.jpg,56.38659
image_69.jpg,26.34643
image_690.jpg,30.87763
image_691.jpg,11.459887
image_692.jpg,56.740265
image_693.jpg,62.54876
image_694.jpg,30.490314
image_695.jpg,5.856544
image_696.jpg,50.132915
image_697.jpg,26.90096
image_698.jpg,75.80751
image_699.jpg,53.458725
image_7.jpg,56.88698
image_70.jpg,14.0037365
image_700.jpg,8.403671
image_701.jpg,24.743734
image_702.jpg,26.155994
image_703.jpg,43.786724
image_704.jpg,29.576258
image_705.jpg,71.306496
image_706.jpg,29.797165
image_707.jpg,5.3056216
image_708.jpg,24.349283
image_709.jpg,10.116245
image_71.jpg,33.844635
image_710.jpg,13.020919
image_711.jpg,72.13781
image_712.jpg,57.92564
image_713.jpg,41.86831
image_714.jpg,65.53167
image_715.jpg,58.191216
image_716.jpg,6.657434
image_717.jpg,63.048008
image_718.jpg,25.59956
image_719.jpg,27.702196
image_72.jpg,26.655807
image_720.jpg,57.755524
image_721.jpg,58.182693
image_722.jpg,16.05652
image_723.jpg,39.132706
image_724.jpg,29.1425
image_725.jpg,28.212723
image_726.jpg,28.61801
image_727.jpg,45.381634
image_728.jpg,43.004986
image_729.jpg,18.377962
image_73.jpg,63.077408
image_730.jpg,30.200716
image_731.jpg,62.597515
image_732.jpg,21.917828
image_733.jpg,25.76995
image_734.jpg,79.08869
image_735.jpg,31.57032
image_736.jpg,31.498352
image_737.jpg,24.012718
image_738.jpg,24.989653
image_739.jpg,67.854126
image_74.jpg,14.40068
image_740.jpg,39.02237
image_741.jpg,3.5307
image_742.jpg,52.48556
image_743.jpg,51.174126
image_744.jpg,29.739582
image_745.jpg,63.097916
image_746.jpg,23.014711
image_747.jpg,54.93606
image_748.jpg,13.700385
image_749.jpg,52.701584
image_75.jpg,2.324181
image_750.jpg,22.958353
image_751.jpg,6.474332
image_752.jpg,27.016502
image_753.jpg,25.39308
image_754.jpg,36.626465
image_755.jpg,71.324036
image_756.jpg,59.282593
image_757.jpg,10.927543
image_758.jpg,35.666965
image_759.jpg,26.036726
image_76.jpg,68.28033
image_760.jpg,34.651176
image_761.jpg,38.71927
image_762.jpg,46.3904
image_763.jpg,60.163868
image_764.jpg,26.503105
image_765.jpg,51.071667
image_766.jpg,29.890482
image_767.jpg,45.86265
image_768.jpg,32.051846
image_769.jpg,73.44485
image_77.jpg,7.1796474
image_770.jpg,48.6404
image_771.jpg,11.122537
image_772.jpg,81.38094
image_773.jpg,27.51112
image_774.jpg,35.358055
image_775.jpg,45.14604
image_776.jpg,23.262514
image_777.jpg,58.331894
image_778.jpg,19.275063
image_779.jpg,45.996716
image_78.jpg,86.806305
image_780.jpg,29.78293
image_781.jpg,26.784798
image_782.jpg,16.990395
image_783.jpg,0.77952135
image_784.jpg,32.03338
image_785.jpg,54.609158
image_786.jpg,47.79675
image_787.jpg,63.55958
image_788.jpg,69.627846
image_789.jpg,67.580086
image_79.jpg,30.450886
image_790.jpg,37.226166
image_791.jpg,45.26724
image_792.jpg,26.036404
image_793.jpg,28.780922
image_794.jpg,3.7726805
image_795.jpg,1.2722987
image_796.jpg,27.383163
image_797.jpg,82.786125
image_798.jpg,59.23063
image_799.jpg,11.714435
image_8.jpg,36.463436
image_80.jpg,25.84567
image_800.jpg,63.00608
image_801.jpg,50.378647
image_802.jpg,61.158928
image_803.jpg,31.396738
image_804.jpg,25.264265
image_805.jpg,30.17468
image_806.jpg,19.942257
image_807.jpg,29.73477
image_808.jpg,71.01345
image_809.jpg,62.82287
image_81.jpg,71.42566
image_810.jpg,9.63795
image_811.jpg,55.063858
image_812.jpg,51.603718
image_813.jpg,8.695412
image_814.jpg,28.748
image_815.jpg,13.035803
image_816.jpg,28.44125
image_817.jpg,34.019524
image_818.jpg,55.900448
image_819.jpg,70.74166
image_82.jpg,59.832745
image_820.jpg,21.042477
image_821.jpg,48.80376
image_822.jpg,15.754521
image_823.jpg,53.812862
image_824.jpg,44.151016
image_825.jpg,14.905904
image_826.jpg,58.102932
image_827.jpg,49.14508
image_828.jpg,38.30111
image_829.jpg,29.992584
image_83.jpg,22.479633
image_830.jpg,1.5799551
image_831.jpg,2.2302945
image_832.jpg,24.234764
image_833.jpg,0.98565084
image_834.jpg,76.59874
image_835.jpg,5.4053364
image_836.jpg,22.038258
image_837.jpg,4.9389896
image_838.jpg,61.9473
image_839.jpg,8.692821
image_84.jpg,60.95394
image_840.jpg,6.758002
image_841.jpg,58.34011
image_842.jpg,26.549623
image_843.jpg,69.79393
image_844.jpg,36.570324
image_845.jpg,24.87192
image_846.jpg,1.1323092
image_847.jpg,2.2062287
image_848.jpg,40.611187
image_849.jpg,32.591232
image_85.jpg,6.348251
image_850.jpg,24.781858
image_851.jpg,43.905605
image_852.jpg,71.604515
image_853.jpg,23.943619
image_854.jpg,53.337116
image_855.jpg,42.07006
image_856.jpg,36.962605
image_857.jpg,64.49331
image_858.jpg,22.810179
image_859.jpg,43.38115
image_86.jpg,19.211788
image_860.jpg,59.965057
image_861.jpg,21.628132
image_862.jpg,15.676001
image_863.jpg,47.616367
image_864.jpg,8.835524
image_865.jpg,17.781689
image_866.jpg,26.456629
image_867.jpg,70.284386
image_868.jpg,48.870777
image_869.jpg,37.803406
image_87.jpg,54.90113
image_870.jpg,27.756153
image_871.jpg,46.796978
image_872.jpg,68.765495
image_873.jpg,80.118835
image_874.jpg,53.8352
image_875.jpg,60.698853
image_876.jpg,29.485704
image_877.jpg,8.777236
image_878.jpg,31.249575
image_879.jpg,36.60546
image_88.jpg,85.17378
image_880.jpg,63.56833
image_881.jpg,80.7122
image_882.jpg,49.1148
image_883.jpg,79.09952
image_884.jpg,55.798187
image_885.jpg,59.695354
image_886.jpg,31.203098
image_887.jpg,25.836794
image_888.jpg,30.877708
image_889.jpg,27.631239
image_89.jpg,8.224574
image_890.jpg,64.75936
image_891.jpg,36.42936
image_892.jpg,28.736738
image_893.jpg,31.810442
image_894.jpg,34.23762
image_895.jpg,53.13758
image_896.jpg,1.6578901
image_897.jpg,31.519106
image_898.jpg,52.290924
image_899.jpg,49.33464
image_9.jpg,9.379628
image_90.jpg,45.200054
image_900.jpg,27.966228
image_901.jpg,24.716642
image_902.jpg,51.24347
image_903.jpg,43.162582
image_904.jpg,46.51632
image_905.jpg,39.420334
image_906.jpg,49.423615
image_907.jpg,27.57497
image_908.jpg,32.95709
image_909.jpg,28.690609
image_91.jpg,75.44766
image_910.jpg,54.832256
image_911.jpg,28.392742
image_912.jpg,61.211163
image_913.jpg,31.583242
image_914.jpg,51.85034
image_915.jpg,49.262245
image_916.jpg,34.26797
image_917.jpg,65.88479
image_918.jpg,26.716341
image_919.jpg,76.03833
image_92.jpg,65.24764
image_920.jpg,36.425274
image_921.jpg,23.46498
image_922.jpg,28.01614
image_923.jpg,27.309502
image_924.jpg,47.248108
image_925.jpg,43.40308
image_926.jpg,47.517254
image_927.jpg,29.577032
image_928.jpg,81.32531
image_929.jpg,66.39324
image_93.jpg,9.073222
image_930.jpg,12.903052
image_931.jpg,27.015913
image_932.jpg,25.991356
image_933.jpg,73.48678
image_934.jpg,24.64603
image_935.jpg,13.1955185
image_936.jpg,56.060932
image_937.jpg,83.731766
image_938.jpg,52.643074
image_939.jpg,34.33087
image_94.jpg,27.286434
image_940.jpg,12.865941
image_941.jpg,31.66676
image_942.jpg,0.9345066
image_943.jpg,9.369168
image_944.jpg,59.61908
image_945.jpg,68.37906
image_946.jpg,21.958645
image_947.jpg,51.308968
image_948.jpg,36.57318
image_949.jpg,13.622639
image_95.jpg,17.295805
image_950.jpg,62.230038
image_951.jpg,70.56639
image_952.jpg,50.312668
image_953.jpg,1.3319689
image_954.jpg,1.473944
image_955.jpg,52.01813
image_956.jpg,43.642834
image_957.jpg,60.627293
image_958.jpg,28.87628
image_959.jpg,6.161615
image_96.jpg,2.860308
image_960.jpg,30.51529
image_961.jpg,62.09751
image_962.jpg,27.267683
image_963.jpg,66.23418
image_964.jpg,1.2166055
image_965.jpg,5.871738
image_966.jpg,24.815126
image_967.jpg,52.735394
image_968.jpg,38.347317
image_969.jpg,29.564821
image_97.jpg,28.434761
image_970.jpg,9.908285
image_971.jpg,7.2774754
image_972.jpg,60.94316
image_973.jpg,24.497868
image_974.jpg,31.858917
image_975.jpg,24.803658
image_976.jpg,10.350807
image_977.jpg,26.677065
image_978.jpg,34.03423
image_979.jpg,69.54265
image_98.jpg,6.7393637
image_980.jpg,76.13659
image_981.jpg,59.81189
image_982.jpg,11.892918
image_983.jpg,23.75593
image_984.jpg,55.098003
image_985.jpg,56.03521
image_986.jpg,60.034386
image_987.jpg,1.2866652
image_988.jpg,5.0112324
image_989.jpg,44.515553
image_99.jpg,5.79791
image_990.jpg,39.291035
image_991.jpg,56.049435
image_992.jpg,24.235195
image_993.jpg,65.64056
image_994.jpg,55.518417
image_995.jpg,1.0744997
image_996.jpg,35.301674
image_997.jpg,32.180565
image_998.jpg,7.3783464
image_999.jpg,54.342205
